month,oracle_date,oracle_open,oracle_adjusted_open,oracle_trading_day,days_in_month
2003-07,2003-07-01,37.09,4.458328063456394,1,23
2003-08,2003-08-11,39.9,4.796098402046643,7,21
2003-09,2003-09-16,44.6,5.361052349154893,11,21
2003-10,2003-10-01,44.51,5.350234082082608,1,22
2003-11,2003-11-21,45.3,5.445194426383781,15,20
2003-12,2003-12-01,45.0,5.40913353614283,1,23
2004-01,2004-01-02,46.14,5.546164919058448,1,15
2004-02,2004-02-05,47.3,5.68560036132346,4,20
2004-03,2004-03-23,44.5,5.349032052407909,17,23
2004-04,2004-04-30,48.35,5.811813477166793,22,22
2004-05,2004-05-18,41.1,4.940341963010449,12,21
2004-06,2004-06-15,42.2,5.072565227227277,11,21
2004-07,2004-07-27,41.19,4.951160230082736,19,22
2004-08,2004-08-04,41.5,4.988423149998385,3,20
2004-09,2004-09-06,44.7,5.373072645901875,4,21
2004-10,2004-10-27,44.22,5.315375221516353,18,20
2004-11,2004-11-02,44.31,5.32619348858864,2,22
2004-12,2004-12-01,45.41,5.458416752805465,1,23
2005-01,2005-01-25,45.38,5.454810663781371,17,21
2005-02,2005-02-01,47.1,5.661559767829496,1,13
2005-03,2005-03-30,46.16,5.548568978407845,22,23
2005-04,2005-04-21,44.21,5.314173191841657,14,20
2005-05,2005-05-04,45.89,5.516114177190989,2,21
2005-06,2005-06-02,45.2,5.65466756594857,2,22
2005-07,2005-07-08,46.9,5.867343115995305,6,20
2005-08,2005-08-31,46.8,5.85483278952197,22,22
2005-09,2005-09-27,46.09,5.766009471561276,18,21
2005-10,2005-10-21,44.35,5.548329790925204,14,20
2005-11,2005-11-02,45.52,5.694700610663254,2,22
2005-12,2005-12-01,48.79,6.103788286341391,1,22
2006-01,2006-01-03,50.45,6.311459705798796,2,18
2006-02,2006-02-06,51.55,6.449073297005506,2,17
2006-03,2006-03-24,50.4,6.305204542562125,18,23
2006-04,2006-04-03,52.8,6.605452377922227,1,19
2006-05,2006-05-23,53.25,6.661748847052246,16,21
2006-06,2006-06-14,49.65,6.211377094012095,10,22
2006-07,2006-07-18,49.8,6.230142583722101,12,21
2006-08,2006-08-07,51.35,6.424052644058832,5,23
2006-09,2006-09-01,54.15,6.774341785312287,1,21
2006-10,2006-10-02,56.45,7.06207929419905,1,20
2006-11,2006-11-02,53.15,7.145450350472857,2,22
2006-12,2006-12-13,55.0,7.394163109614436,9,21
2007-01,2007-01-12,56.7,7.622709969366153,9,22
2007-02,2007-02-13,56.9,7.649597835219294,9,12
2007-03,2007-03-06,53.55,7.199226082179144,5,23
2007-04,2007-04-03,56.65,7.615988002902862,2,20
2007-05,2007-05-02,56.9,7.649597835219293,1,22
2007-06,2007-06-01,59.75,8.032749923626579,1,20
2007-07,2007-07-30,64.45,8.66461477117545,21,22
2007-08,2007-08-17,59.6,8.012584024236723,13,23
2007-09,2007-09-06,64.5,8.671336737638732,4,18
2007-10,2007-10-22,69.5,9.343533383967314,15,22
2007-11,2007-11-27,60.4,8.419992780398523,19,22
2007-12,2007-12-18,56.4,7.862377364478091,12,21
2008-01,2008-01-31,54.8,7.639331198109915,22,22
2008-02,2008-02-12,55.15,7.688122547002952,2,14
2008-03,2008-03-17,57.25,7.980870640361182,11,21
2008-04,2008-04-01,60.8,8.475754321990568,1,21
2008-05,2008-05-27,61.75,8.608187983271666,18,21
2008-06,2008-06-27,55.0,7.667211968905938,20,21
2008-07,2008-07-16,50.2,6.99807346980142,12,22
2008-08,2008-08-01,51.7,7.207179250771582,1,21
2008-09,2008-09-30,43.34,6.041763031497879,21,21
2008-10,2008-10-28,30.0,4.440749856843141,19,22
2008-11,2008-11-21,29.1,4.307527361137847,15,20
2008-12,2008-12-05,30.08,4.45259185646139,5,23
2009-01,2009-01-21,30.4,4.499959854934381,15,15
2009-02,2009-02-02,30.38,4.496999355029819,1,20
2009-03,2009-03-04,31.51,4.664267599637577,3,22
2009-04,2009-04-01,37.09,5.490247073010404,1,22
2009-05,2009-05-15,43.9,6.498297290513797,10,18
2009-06,2009-06-19,42.75,6.328068546001478,16,23
2009-07,2009-07-01,44.48,6.5841517877461015,1,23
2009-08,2009-08-27,47.64,7.051910772666917,18,20
2009-09,2009-09-01,48.45,7.171811018801682,1,22
2009-10,2009-10-06,52.65,7.793515998759716,4,22
2009-11,2009-11-02,50.8,7.660884213129275,1,21
2009-12,2009-12-01,52.7,7.947413347084899,1,23
2010-01,2010-01-29,52.95,7.985114548921168,20,20
2010-02,2010-02-06,50.8,7.660884213129282,6,14
2010-03,2010-03-01,51.5,7.766447578270827,1,23
2010-04,2010-04-20,53.9,8.128379115898978,13,21
2010-05,2010-05-27,49.32,7.437693098258586,19,21
2010-06,2010-06-10,48.18,7.265775617885213,8,21
2010-07,2010-07-02,49.1,7.404516040642672,2,22
2010-08,2010-08-27,53.6,8.083137673695468,20,22
2010-09,2010-09-01,53.5,8.068057192960966,1,21
2010-10,2010-10-20,55.8,8.414908249854614,14,21
2010-11,2010-11-16,56.1,8.791920268217273,12,22
2010-12,2010-12-01,57.1,8.948638989575867,1,23
2011-01,2011-01-11,59.7,9.35610766510822,7,20
2011-02,2011-02-24,59.0,9.246404560157202,13,14
2011-03,2011-03-17,56.8,8.901623373168288,13,23
2011-04,2011-04-19,59.35,9.30125611263271,11,19
2011-05,2011-05-25,60.1,9.418795153651656,17,21
2011-06,2011-06-27,57.5,9.011326478119305,18,21
2011-07,2011-07-13,58.65,9.191553007681687,9,21
2011-08,2011-08-09,51.0,7.992654789288428,7,23
2011-09,2011-09-26,50.25,7.875115748269482,17,21
2011-10,2011-10-04,49.9,7.820264195793973,2,20
2011-11,2011-11-24,47.8,7.771265178502471,18,22
2011-12,2011-12-20,47.05,7.6493311014339165,14,22
2012-01,2012-01-02,49.45,8.03952014805329,1,15
2012-02,2012-02-01,52.2,8.486611763971318,1,20
2012-03,2012-03-07,54.0,8.779253548935849,6,23
2012-04,2012-04-30,52.1,8.470353887028844,20,20
2012-05,2012-05-28,49.01,7.967985489506407,19,22
2012-06,2012-06-12,48.1,7.820038809329894,8,21
2012-07,2012-07-25,48.82,7.937095523315704,18,22
2012-08,2012-08-03,50.75,8.250872548305448,2,22
2012-09,2012-09-06,52.3,8.502869640913794,4,20
2012-10,2012-10-29,49.99,8.422126967161356,20,22
2012-11,2012-11-14,49.95,8.41538791777775,10,22
2012-12,2012-12-22,52.6,8.861849939441633,16,21
2013-01,2013-01-25,53.65,9.038749985761283,18,22
2013-02,2013-02-01,54.7,9.215650032080942,1,13
2013-03,2013-03-22,54.2,9.131411914785875,16,21
2013-04,2013-04-16,53.5,9.013478550572776,10,20
2013-05,2013-05-02,56.35,9.493635819154692,1,22
2013-06,2013-06-25,53.3,8.979783303654745,16,19
2013-07,2013-07-01,54.8,9.23249765553996,1,23
2013-08,2013-08-22,54.3,9.148259538244892,15,21
2013-09,2013-09-02,55.95,9.426245325318632,1,20
2013-10,2013-10-01,57.0,9.603145371638282,1,22
2013-11,2013-11-22,55.5,9.569772147062643,16,21
2013-12,2013-12-06,57.05,9.837036053872504,5,22
2014-01,2014-01-10,57.5,9.914628801010858,7,18
2014-02,2014-02-06,55.95,9.647364894201,2,17
2014-03,2014-03-03,57.8,9.966357299103084,1,21
2014-04,2014-04-01,60.25,10.388806700189631,1,21
2014-05,2014-05-02,61.15,10.543992194466323,1,21
2014-06,2014-06-03,63.15,10.888848848414526,1,20
2014-07,2014-07-01,65.95,11.371648163942012,1,22
2014-08,2014-08-06,65.3,11.25956975140884,4,21
2014-09,2014-09-30,65.3,11.259569751408849,21,21
2014-10,2014-10-16,63.65,10.97506301190158,11,22
2014-11,2014-11-07,65.0,11.483371054151522,5,20
2014-12,2014-12-18,63.95,11.297870444815237,14,24
2015-01,2015-01-07,64.7,11.43037088005544,3,20
2015-02,2015-02-02,68.2,12.048706244509756,1,13
2015-03,2015-03-11,68.35,12.075206331557798,8,22
2015-04,2015-04-01,68.7,12.137039868003228,1,20
2015-05,2015-05-18,70.05,12.375540651435609,11,20
2015-06,2015-06-17,68.2,12.04870624450976,13,21
2015-07,2015-07-30,65.6,11.589371402343698,21,22
2015-08,2015-08-25,57.5,10.158366701749436,17,21
2015-09,2015-09-02,61.1,10.794368790902446,2,20
2015-10,2015-10-01,62.6,11.059369661382874,1,21
2015-11,2015-11-30,60.9,11.092390425672532,21,21
2015-12,2015-12-14,59.25,10.791857680149384,10,23
2016-01,2016-01-18,55.9,10.181685136208449,11,21
2016-02,2016-02-15,58.3,10.618823675151209,4,13
2016-03,2016-03-01,61.25,11.15613979593502,1,23
2016-04,2016-04-08,61.8,11.256317377776062,4,19
2016-05,2016-05-16,59.15,10.7736435743601,10,21
2016-06,2016-06-01,62.95,11.465779594352808,1,21
2016-07,2016-07-07,65.45,11.921132239084852,5,20
2016-08,2016-08-03,68.5,12.630249186813764,3,23
2016-09,2016-09-14,68.5,12.63024918681376,11,19
2016-10,2016-10-03,71.2,13.128083826294011,1,20
2016-11,2016-11-15,69.8,12.869947346563512,11,22
2016-12,2016-12-23,70.6,13.017453906409512,17,22
2017-01,2017-01-03,71.7,13.220275426197768,1,16
2017-02,2017-02-03,72.95,13.450754425957149,2,18
2017-03,2017-03-10,71.95,13.58069639805842,8,23
2017-04,2017-04-20,72.55,13.693947514650985,12,18
2017-05,2017-05-02,75.0,14.15638957407062,1,20
2017-06,2017-06-01,76.5,14.439517365552035,1,23
2017-07,2017-07-10,80.0,15.100148879008664,6,21
2017-08,2017-08-11,80.85,15.391902178089609,9,23
2017-09,2017-09-29,80.45,15.315751765334682,21,22
2017-10,2017-10-02,81.25,15.468052590844536,1,19
2017-11,2017-11-30,83.0,15.80121064664734,22,22
2017-12,2017-12-27,80.6,15.344308170117776,19,21
2018-01,2018-01-02,82.15,15.639391019543115,1,22
2018-02,2018-02-09,78.6,15.348358250515613,7,13
2018-03,2018-03-02,80.85,15.787719650816634,2,23
2018-04,2018-04-25,79.25,15.47528487726924,15,18
2018-05,2018-05-04,78.55,15.338594663842256,3,22
2018-06,2018-06-28,80.05,15.631502264042934,19,20
2018-07,2018-07-06,81.1,15.836537584183406,5,22
2018-08,2018-08-16,83.25,16.39096034180356,12,23
2018-09,2018-09-18,85.6,16.853648111211818,12,19
2018-10,2018-10-25,75.5,14.865075144818835,18,22
2018-11,2018-11-21,75.3,14.825697462316011,15,22
2018-12,2018-12-26,74.0,14.569742526047609,19,21
2019-01,2019-01-04,72.8,14.333476431030617,3,21
2019-02,2019-02-15,75.3,15.286185026979435,5,13
2019-03,2019-03-11,75.85,15.397837108849805,6,20
2019-04,2019-04-01,80.0,16.240302817508038,1,20
2019-05,2019-05-29,76.5,15.529789569242062,20,22
2019-06,2019-06-06,77.7,15.773394111504684,4,19
2019-07,2019-07-09,81.75,16.59555944164104,7,23
2019-08,2019-08-06,78.65,16.100902808609877,4,21
2019-09,2019-09-04,81.45,16.674107231548305,3,19
2019-10,2019-10-03,84.4,17.278019034287006,3,21
2019-11,2019-11-01,90.0,18.424427880163865,1,21
2019-12,2019-12-03,91.7,18.772444851233622,2,22
2020-01,2020-01-31,90.65,19.155789248869983,15,15
2020-02,2020-02-03,88.5,18.701459994759997,1,19
2020-03,2020-03-19,71.0,15.003431182236833,14,22
2020-04,2020-04-01,76.5,16.165668809029825,1,20
2020-05,2020-05-04,82.4,17.41243280868049,1,20
2020-06,2020-06-01,84.45,17.845630469576065,1,20
2020-07,2020-07-01,89.95,19.00786809636905,1,23
2020-08,2020-08-21,102.15,21.73901411724104,15,21
2020-09,2020-09-25,100.75,21.44107363986328,19,22
2020-10,2020-10-05,103.45,22.015673131948954,1,19
2020-11,2020-11-02,103.15,21.95182874393944,1,21
2020-12,2020-12-01,113.8,24.21830451827732,1,23
2021-01,2021-01-04,122.2,26.005947382543837,1,20
2021-02,2021-02-01,128.2,27.88823817791309,1,13
2021-03,2021-03-05,130.05,28.29068155255537,4,22
2021-04,2021-04-01,135.7,29.51976537240879,1,19
2021-05,2021-05-17,125.2,27.23562730011482,11,21
2021-06,2021-06-23,135.0,29.367489500922535,16,21
2021-07,2021-07-29,135.85,29.628060426691583,21,22
2021-08,2021-08-20,132.2,28.832017581219198,15,22
2021-09,2021-09-30,136.3,29.726202695311464,20,20
2021-10,2021-10-05,132.0,28.788398795165907,3,20
2021-11,2021-11-01,136.2,29.704393302284824,1,22
2021-12,2021-12-01,138.1,30.118771769791003,1,22
2022-01,2022-01-26,141.15,31.474520236933436,18,18
2022-02,2022-02-25,139.05,31.006248947542293,15,15
2022-03,2022-03-09,132.2,29.47879259881402,7,23
2022-04,2022-04-27,127.0,28.31926369175024,17,19
2022-05,2022-05-13,122.1,27.22663068317089,9,21
2022-06,2022-06-30,117.7,26.245490838732312,21,21
2022-07,2022-07-07,109.45,24.405853630409943,5,21
2022-08,2022-08-03,115.65,26.19484052913842,3,23
2022-09,2022-09-30,103.3,23.397553192044963,21,21
2022-10,2022-10-26,96.85,21.936621748785623,17,20
2022-11,2022-11-04,98.1,22.2197479974793,4,22
2022-12,2022-12-29,109.2,24.733909085879088,21,22
2023-01,2023-01-03,109.6,24.824509485461057,1,13
2023-02,2023-02-22,117.5,27.18715698102224,16,18
2023-03,2023-03-16,117.2,27.11774296319836,12,23
2023-04,2023-04-27,116.05,26.851655894873456,16,17
2023-05,2023-05-15,116.95,27.059897948345125,10,22
2023-06,2023-06-01,125.35,29.00349044741394,1,20
2023-07,2023-07-07,127.55,29.51252657812244,5,21
2023-08,2023-08-17,123.6,29.017037362328736,12,22
2023-09,2023-09-27,121.85,28.606197432036872,19,20
2023-10,2023-10-26,121.85,28.606197432036872,17,20
2023-11,2023-11-01,122.0,28.64141228320476,1,22
2023-12,2023-12-06,130.4,30.61344394860572,4,21
2024-01,2024-01-18,127.9,30.733313515220065,13,22
2024-02,2024-02-01,134.35,32.283195236667844,1,13
2024-03,2024-03-01,143.55,34.4938792424538,1,21
2024-04,2024-04-22,150.4,36.13987765980529,14,20
2024-05,2024-05-02,157.35,37.80990525113274,1,22
2024-06,2024-06-05,167.4,40.22483723571416,3,19
2024-07,2024-07-26,178.05,43.00128713569877,18,21
2024-08,2024-08-05,166.65,40.2480454993777,3,22
2024-09,2024-09-09,170.4,41.15371709027279,6,20
2024-10,2024-10-01,183.9,44.4141348174951,1,19
2024-11,2024-11-29,184.95,44.6677228629457,21,21
2024-12,2024-12-02,188.5,45.52509196899306,1,22
2025-01,2025-01-14,194.7,47.02246899927294,9,15
2025-02,2025-02-03,192.3,47.081635237080576,1,19
2025-03,2025-03-31,173.6,42.503233890573,21,21
2025-04,2025-04-08,151.2,37.01894564662809,4,20
2025-05,2025-05-06,169.95,41.60958870796589,3,20
2025-06,2025-06-03,177.5,43.45808764733123,2,16
2025-07,2025-07-09,48.35,47.35095296334568,7,23
2025-08,2025-08-04,50.65,49.954258241758254,2,21
2025-09,2025-09-03,51.9,51.18708791208792,3,21
2025-10,2025-10-01,57.9,57.10467032967031,1,20
2025-11,2025-11-21,60.1,59.27445054945056,15,20
2025-12,2025-12-02,61.8,60.9510989010989,2,22
2026-01,2026-01-02,66.0,65.0934065934066,1,21
2026-02,2026-02-06,71.4,71.40000000000002,5,12
2026-03,2026-03-09,73.15,73.14999999999998,6,22
2026-04,2026-04-01,75.0,75.00000000000001,1,20
2026-05,2026-05-04,92.5,92.49999999999996,1,20
2026-06,2026-06-08,98.05,98.04999999999995,6,21
